feature,coefficient,abs_importance
numeric__scheduled_duration_history_unavailable,6.077460380622641,6.077460380622641
categorical__origin_airport_KOA,-0.6115712303940847,0.6115712303940847
categorical__destination_airport_ATL,-0.6082665429240206,0.6082665429240206
categorical__airline_HA,0.5682518326613756,0.5682518326613756
categorical__origin_airport_ITO,-0.5674432577094415,0.5674432577094415
categorical__origin_airport_LIH,-0.49891370717610267,0.49891370717610267
categorical__destination_airport_DEN,-0.48789212361363643,0.48789212361363643
numeric__scheduled_departure_hour,0.4515277816040055,0.4515277816040055
categorical__airline_YX,-0.44134918558777986,0.44134918558777986
categorical__airline_F9,0.40551776399834605,0.40551776399834605
categorical__destination_airport_ASE,0.39724460409544654,0.39724460409544654
categorical__origin_airport_OGG,-0.38091321937906303,0.38091321937906303
categorical__destination_airport_DFW,-0.3635239686393956,0.3635239686393956
categorical__destination_airport_HNL,0.3520702479632674,0.3520702479632674
categorical__airline_DL,-0.3477302004214264,0.3477302004214264
categorical__airline_9E,-0.33218421566587325,0.33218421566587325
categorical__origin_airport_HNL,-0.3219430471620629,0.3219430471620629
numeric__destination_daily_scheduled_flights,0.3216035773952675,0.3216035773952675
categorical__destination_airport_ORD,-0.30688201101936474,0.30688201101936474
categorical__origin_airport_ASE,0.30621409295207297,0.30621409295207297
categorical__airline_B6,0.2895578095478259,0.2895578095478259
categorical__destination_airport_EWR,0.27851904882408823,0.27851904882408823
numeric__origin_nws_winter_hazard,0.2757983366587452,0.2757983366587452
categorical__destination_airport_STS,0.27356040108253704,0.27356040108253704
categorical__destination_airport_EYW,0.2680526353537794,0.2680526353537794
categorical__destination_airport_STT,0.25739571478082623,0.25739571478082623
categorical__destination_airport_PVU,0.25206925055784063,0.25206925055784063
categorical__destination_airport_PHX,-0.25101880475269633,0.25101880475269633
categorical__airline_UA,-0.24755167107644407,0.24755167107644407
categorical__origin_airport_ATW,0.23872494968160823,0.23872494968160823
categorical__destination_airport_PBI,0.23599103574012845,0.23599103574012845
categorical__destination_airport_IAD,0.23437996135747857,0.23437996135747857
categorical__origin_airport_TTN,-0.23406398732345807,0.23406398732345807
numeric__route_recent_delay_rate,0.23338003879972852,0.23338003879972852
categorical__departure_month_10,-0.22833938499962644,0.22833938499962644
categorical__departure_weekday_1,-0.2275006936440452,0.2275006936440452
categorical__destination_airport_MIA,0.22118422491861447,0.22118422491861447
categorical__airline_MQ,-0.22103338059116293,0.22103338059116293
categorical__origin_airport_EYW,0.2167167736851288,0.2167167736851288
categorical__origin_airport_MYR,-0.21503333179981696,0.21503333179981696
categorical__destination_airport_LAX,-0.21286456517749294,0.21286456517749294
categorical__origin_airport_XWA,0.21048871001665853,0.21048871001665853
categorical__origin_airport_EWR,0.2099710718562713,0.2099710718562713
categorical__origin_airport_CRP,-0.20366491182704163,0.20366491182704163
categorical__airline_G4,0.20036164680779495,0.20036164680779495
categorical__destination_faa_hub_category_L,-0.19929467330991332,0.19929467330991332
categorical__destination_airport_BPT,-0.19835909065345908,0.19835909065345908
categorical__origin_airport_LIT,0.1958356221845306,0.1958356221845306
categorical__origin_airport_SBN,0.19496629118590342,0.19496629118590342
categorical__destination_airport_LCH,-0.19480221552124954,0.19480221552124954
categorical__origin_airport_BTV,0.19335279409508743,0.19335279409508743
categorical__destination_airport_GTF,-0.192263631227387,0.192263631227387
categorical__destination_airport_HLN,-0.1907499511105523,0.1907499511105523
categorical__origin_airport_LBE,-0.1903905329776465,0.1903905329776465
categorical__destination_airport_TPA,0.1896329650074516,0.1896329650074516
categorical__origin_airport_JNU,-0.18820511192485284,0.18820511192485284
categorical__destination_airport_GGG,-0.18750099803197473,0.18750099803197473
categorical__destination_airport_LAS,-0.1866872336659537,0.1866872336659537
categorical__departure_month_6,0.18531204565557352,0.18531204565557352
categorical__origin_airport_ISP,-0.18438168402105012,0.18438168402105012
categorical__destination_airport_FLL,0.18351941151588827,0.18351941151588827
categorical__origin_airport_MEM,0.18210975288090903,0.18210975288090903
categorical__origin_airport_SBP,0.18031041300853062,0.18031041300853062
categorical__origin_airport_RAP,0.17931907536289565,0.17931907536289565
categorical__destination_airport_CLT,-0.1787600412849566,0.1787600412849566
categorical__airline_OO,-0.17728611170591696,0.17728611170591696
categorical__origin_airport_JAC,0.17693303726522994,0.17693303726522994
categorical__destination_airport_MFR,-0.17542110732347807,0.17542110732347807
categorical__origin_airport_MSO,0.17504329071159672,0.17504329071159672
categorical__destination_airport_HYS,0.17445748270702427,0.17445748270702427
categorical__destination_airport_AUS,0.17362282695357278,0.17362282695357278
categorical__departure_month_7,0.17263662996699466,0.17263662996699466
categorical__origin_airport_BTM,-0.17078666933163156,0.17078666933163156
categorical__destination_airport_AGS,0.17003359638321142,0.17003359638321142
categorical__destination_airport_VCT,-0.1682730828816358,0.1682730828816358
categorical__origin_airport_CDC,-0.1674945823224507,0.1674945823224507
categorical__destination_airport_SEA,-0.16326468871690392,0.16326468871690392
categorical__destination_airport_HHH,0.1623647987936767,0.1623647987936767
categorical__departure_weekday_4,0.16122557769237353,0.16122557769237353
categorical__destination_airport_RSW,0.1589657562098799,0.1589657562098799
categorical__destination_airport_PNS,0.15838216361288818,0.15838216361288818
categorical__departure_month_12,0.15774667656855632,0.15774667656855632
categorical__destination_airport_SFO,0.1573581299623871,0.1573581299623871
categorical__origin_airport_CLT,-0.15724446229527608,0.15724446229527608
categorical__destination_airport_MDT,-0.1570275858698057,0.1570275858698057
categorical__origin_airport_ATL,-0.15693580931680956,0.15693580931680956
categorical__destination_airport_JFK,0.15665373361846358,0.15665373361846358
categorical__departure_weekday_2,-0.15628786864980812,0.15628786864980812
categorical__destination_airport_SAN,0.15552146567881261,0.15552146567881261
categorical__origin_airport_PVU,0.15538119405608816,0.15538119405608816
categorical__origin_airport_LCH,-0.15532474464411278,0.15532474464411278
categorical__destination_airport_MRY,0.15461104580499307,0.15461104580499307
categorical__origin_airport_FWA,0.15444904367243972,0.15444904367243972
categorical__destination_airport_PSC,-0.1536772441991491,0.1536772441991491
categorical__destination_airport_PAE,0.15364847126326672,0.15364847126326672
categorical__destination_airport_IAH,0.1505749478768881,0.1505749478768881
categorical__departure_month_9,-0.149065458477426,0.149065458477426
categorical__destination_airport_CDV,0.14775938288411003,0.14775938288411003
categorical__origin_airport_CRW,0.14716964140725916,0.14716964140725916
categorical__destination_airport_BFL,-0.1469645814318278,0.1469645814318278
categorical__origin_airport_SGF,0.14682857103081431,0.14682857103081431
categorical__origin_airport_FAR,0.14604692935582053,0.14604692935582053
categorical__destination_airport_SWO,-0.1447611079020255,0.1447611079020255
categorical__origin_airport_PHX,-0.14475077701799563,0.14475077701799563
categorical__destination_airport_LAW,-0.14458904302038345,0.14458904302038345
categorical__destination_airport_CAE,-0.14318931759023343,0.14318931759023343
categorical__destination_airport_EGE,0.14254640548256503,0.14254640548256503
categorical__destination_airport_STL,-0.14234758191931587,0.14234758191931587
categorical__destination_airport_SAF,0.14200663278626754,0.14200663278626754
categorical__origin_airport_LCK,-0.14162978493839196,0.14162978493839196
categorical__origin_airport_MAF,-0.14112866469341442,0.14112866469341442
categorical__destination_airport_GTR,-0.13855938169571214,0.13855938169571214
categorical__origin_airport_RDM,0.13834352606063488,0.13834352606063488
categorical__origin_airport_STX,-0.1382041147458891,0.1382041147458891
categorical__origin_airport_HSV,0.13711967884181195,0.13711967884181195
categorical__destination_airport_SRQ,0.13686257265758398,0.13686257265758398
categorical__destination_airport_RKS,-0.13632021413645476,0.13632021413645476
categorical__destination_airport_GCC,-0.13610200303024328,0.13610200303024328
categorical__origin_airport_RIC,0.13577213754161277,0.13577213754161277
categorical__destination_airport_FLG,-0.13478534895986863,0.13478534895986863
categorical__destination_airport_CIU,0.1337899829012837,0.1337899829012837
categorical__destination_airport_PGD,0.1329136111546495,0.1329136111546495
categorical__destination_airport_OAJ,-0.13262577253214725,0.13262577253214725
categorical__destination_airport_SPS,-0.13237950889798333,0.13237950889798333
categorical__destination_airport_EUG,-0.13146840476287022,0.13146840476287022
categorical__destination_airport_MHK,-0.1311076096365425,0.1311076096365425
categorical__destination_airport_PIH,-0.13075270630063837,0.13075270630063837
categorical__origin_airport_PBI,0.12987760832164869,0.12987760832164869
categorical__destination_airport_ISP,-0.12830538595416438,0.12830538595416438
categorical__airline_NK,0.12657600206607192,0.12657600206607192
categorical__destination_airport_FNT,0.12636356370652857,0.12636356370652857
categorical__destination_airport_GCK,-0.12592549643410564,0.12592549643410564
categorical__destination_airport_AZO,-0.12458721754687803,0.12458721754687803
categorical__origin_airport_COD,0.12399433170274629,0.12399433170274629
categorical__origin_airport_ORF,0.12393280919710992,0.12393280919710992
categorical__airline_WN,0.12360445167906008,0.12360445167906008
categorical__origin_airport_HOU,-0.12288898116281705,0.12288898116281705
categorical__departure_month_11,-0.12268890532040248,0.12268890532040248
categorical__origin_airport_GUC,0.12211945094714317,0.12211945094714317
categorical__destination_airport_PDX,-0.12210549636173025,0.12210549636173025
categorical__origin_airport_WRG,-0.12203782318974214,0.12203782318974214
categorical__origin_airport_ORH,-0.12199573264811663,0.12199573264811663
categorical__origin_airport_BQN,0.1214090477475093,0.1214090477475093
categorical__destination_airport_AVP,0.12105330106371279,0.12105330106371279
categorical__destination_airport_DEC,0.12082265417678284,0.12082265417678284
categorical__origin_airport_FNT,0.11944111048721617,0.11944111048721617
categorical__origin_airport_GJT,0.11921675288634016,0.11921675288634016
categorical__destination_airport_ECP,0.11919800688937461,0.11919800688937461
categorical__origin_airport_KTN,-0.11898855504148995,0.11898855504148995
categorical__origin_airport_LAX,-0.11765905950447517,0.11765905950447517
categorical__origin_airport_DRO,0.1165689406162743,0.1165689406162743
categorical__destination_airport_BQN,0.11644023974444823,0.11644023974444823
categorical__destination_airport_APN,0.11608793044193322,0.11608793044193322
numeric__origin_hourly_scheduled_flights,0.11352321847265576,0.11352321847265576
categorical__destination_airport_KOA,0.11339790999686843,0.11339790999686843
categorical__destination_airport_YAK,0.11333075600727634,0.11333075600727634
categorical__origin_airport_PDX,-0.11296843390936846,0.11296843390936846
categorical__origin_airport_AGS,0.1123644337657686,0.1123644337657686
categorical__origin_airport_PAE,-0.11230843350979167,0.11230843350979167
categorical__destination_airport_HDN,0.11203984896252134,0.11203984896252134
categorical__origin_airport_OTZ,-0.11178773246723417,0.11178773246723417
categorical__origin_airport_AMA,-0.11149527967999018,0.11149527967999018
categorical__origin_airport_HHH,0.11143589318055654,0.11143589318055654
categorical__origin_airport_infrequent_sklearn,-0.11129574396679155,0.11129574396679155
categorical__destination_airport_TYR,-0.10920115270695831,0.10920115270695831
categorical__origin_airport_USA,-0.10843598875725145,0.10843598875725145
categorical__origin_airport_FLL,0.10842619735528773,0.10842619735528773
categorical__destination_airport_SAV,0.10824600021679717,0.10824600021679717
categorical__origin_airport_RDD,-0.10821145039523136,0.10821145039523136
categorical__origin_airport_GFK,-0.10725573583165647,0.10725573583165647
categorical__destination_airport_MGM,0.10720921709795397,0.10720921709795397
categorical__destination_airport_CLL,-0.10720864263827239,0.10720864263827239
categorical__destination_airport_JAX,0.10662428747242175,0.10662428747242175
categorical__airline_AS,0.106107432012678,0.106107432012678
categorical__destination_airport_GRK,0.1057854113435702,0.1057854113435702
categorical__destination_airport_SUN,-0.10574001784992416,0.10574001784992416
numeric__destination_nws_winter_hazard,0.10568793004643974,0.10568793004643974
categorical__origin_airport_SCE,0.105452608275903,0.105452608275903
categorical__destination_airport_infrequent_sklearn,0.10492869598635567,0.10492869598635567
categorical__origin_airport_CHA,0.10483736825260215,0.10483736825260215
categorical__origin_airport_JFK,0.10464891860644836,0.10464891860644836
categorical__destination_airport_SBN,0.10413603664139291,0.10413603664139291
categorical__destination_airport_ACK,0.10380992384111715,0.10380992384111715
categorical__origin_airport_HLN,-0.10352708070853789,0.10352708070853789
categorical__destination_airport_TWF,-0.10317277863117545,0.10317277863117545
categorical__destination_airport_JLN,0.10303491187204337,0.10303491187204337
categorical__origin_airport_CPR,0.10197737639987484,0.10197737639987484
categorical__destination_airport_AZA,-0.10176675022888619,0.10176675022888619
categorical__destination_airport_PHL,0.10166149408693899,0.10166149408693899
categorical__origin_airport_LBF,-0.10105670035761491,0.10105670035761491
categorical__destination_airport_MFE,0.10003185922378639,0.10003185922378639
categorical__origin_airport_MSN,0.09987915785936215,0.09987915785936215
categorical__origin_airport_SYR,0.09971330012239976,0.09971330012239976
categorical__origin_airport_SMF,-0.09966989692739739,0.09966989692739739
categorical__destination_airport_EVV,-0.09964098658760202,0.09964098658760202
categorical__destination_airport_SPI,-0.09961246706557976,0.09961246706557976
categorical__departure_month_1,-0.09952006292069203,0.09952006292069203
categorical__origin_airport_JAN,-0.09906572574747295,0.09906572574747295
categorical__destination_airport_BTV,0.09894926755590537,0.09894926755590537
categorical__origin_airport_XNA,0.09894522266839222,0.09894522266839222
categorical__destination_airport_BIS,-0.09789002259869445,0.09789002259869445
categorical__destination_airport_SFB,0.09775646592643744,0.09775646592643744
categorical__departure_weekday_6,0.09775436147391868,0.09775436147391868
categorical__origin_airport_HRL,-0.09638539632409909,0.09638539632409909
categorical__destination_airport_AEX,-0.09634908483892224,0.09634908483892224
categorical__destination_airport_LBB,-0.09620172360853343,0.09620172360853343
categorical__destination_airport_STX,0.09587391823382288,0.09587391823382288
categorical__origin_airport_MRY,0.09573017509592563,0.09573017509592563
categorical__origin_airport_CKB,-0.09534464768179617,0.09534464768179617
categorical__destination_airport_HTS,0.09533692731310409,0.09533692731310409
categorical__origin_airport_LAW,-0.09484133525543964,0.09484133525543964
categorical__origin_airport_HDN,0.09483921825129983,0.09483921825129983
categorical__origin_airport_MOT,0.09482011097785677,0.09482011097785677
categorical__departure_month_8,-0.0946311007060645,0.0946311007060645
categorical__origin_airport_BZN,0.09406039737888383,0.09406039737888383
categorical__destination_airport_BMI,-0.09378428512253412,0.09378428512253412
categorical__destination_airport_SHR,-0.09335231134722019,0.09335231134722019
categorical__origin_airport_TVC,0.09268263278417363,0.09268263278417363
categorical__origin_airport_PWM,0.09235876826720654,0.09235876826720654
categorical__origin_airport_DSM,0.09228045750519129,0.09228045750519129
categorical__destination_airport_MOT,-0.0921662430362159,0.0921662430362159
categorical__origin_airport_COU,0.09173277212131223,0.09173277212131223
categorical__destination_airport_LGA,0.09160600721926726,0.09160600721926726
categorical__destination_airport_MAF,-0.09106597388031298,0.09106597388031298
categorical__origin_airport_ACK,-0.09097967014339284,0.09097967014339284
categorical__origin_airport_SJC,-0.09085127994294359,0.09085127994294359
categorical__origin_airport_BRO,-0.09057323056793704,0.09057323056793704
categorical__destination_airport_FCA,0.09037101311713136,0.09037101311713136
categorical__origin_airport_JMS,-0.09028059308811903,0.09028059308811903
categorical__origin_airport_VPS,-0.08957557819989533,0.08957557819989533
numeric__origin_recent_delay_rate,0.08949529215409309,0.08949529215409309
categorical__destination_airport_FWA,0.08930615141756319,0.08930615141756319
categorical__origin_airport_AZA,-0.08929983931159216,0.08929983931159216
categorical__origin_airport_SGU,-0.08918573005850315,0.08918573005850315
categorical__origin_airport_PIA,-0.08900673581016501,0.08900673581016501
categorical__destination_airport_SCE,0.08866253221583369,0.08866253221583369
categorical__origin_airport_LGA,0.08823412128034774,0.08823412128034774
categorical__origin_airport_ONT,-0.08701562443964633,0.08701562443964633
categorical__origin_airport_OAJ,0.08689674303047973,0.08689674303047973
categorical__origin_airport_RHI,-0.0868296697216509,0.0868296697216509
categorical__origin_airport_BRD,-0.08661545078823012,0.08661545078823012
categorical__origin_airport_SUX,0.08647411378957147,0.08647411378957147
categorical__destination_airport_CLE,-0.0860943178882044,0.0860943178882044
categorical__destination_airport_COS,-0.08574446191869893,0.08574446191869893
categorical__destination_airport_JAC,0.08520329898386915,0.08520329898386915
categorical__origin_airport_LAR,-0.08477705083728049,0.08477705083728049
categorical__origin_airport_CHO,0.08462367794723469,0.08462367794723469
categorical__origin_airport_EKO,-0.0844664800329373,0.0844664800329373
numeric__destination_recent_delay_rate_history_unavailable,0.08445578493215992,0.08445578493215992
categorical__destination_airport_RNO,-0.08368188638027076,0.08368188638027076
categorical__origin_faa_hub_category_L,-0.08342488747985005,0.08342488747985005
categorical__origin_airport_SJU,0.0827544123577252,0.0827544123577252
categorical__origin_airport_CNY,-0.08267215753821117,0.08267215753821117
categorical__origin_airport_SFB,0.08241518518940891,0.08241518518940891
numeric__origin_nws_hazard_active_at_cutoff,0.08229514155133266,0.08229514155133266
categorical__origin_airport_CWA,0.0815850262867929,0.0815850262867929
categorical__origin_airport_BQK,0.08121046660534242,0.08121046660534242
categorical__origin_airport_GPT,0.08097396920994028,0.08097396920994028
categorical__destination_airport_SUX,-0.08089370024630461,0.08089370024630461
categorical__destination_airport_CNY,0.08078569548022534,0.08078569548022534
categorical__origin_airport_GTR,-0.08064994363150665,0.08064994363150665
categorical__destination_airport_MTJ,0.08053712586667688,0.08053712586667688
categorical__origin_airport_TOL,0.07985355488211002,0.07985355488211002
categorical__destination_airport_SJC,-0.07944552312728813,0.07944552312728813
categorical__origin_airport_PSP,0.07923188249344429,0.07923188249344429
categorical__destination_airport_DAL,-0.07885283948601177,0.07885283948601177
categorical__destination_airport_GFK,-0.07840652863813848,0.07840652863813848
categorical__origin_airport_STS,0.07801992479990381,0.07801992479990381
categorical__destination_airport_ESC,0.0776189256483328,0.0776189256483328
categorical__destination_airport_CHS,0.0770520238658583,0.0770520238658583
categorical__destination_airport_WRG,0.07704428401810183,0.07704428401810183
categorical__destination_airport_RAP,-0.07683531277600021,0.07683531277600021
categorical__destination_airport_CMI,-0.0767642512824084,0.0767642512824084
categorical__destination_airport_CYS,-0.07674719166033722,0.07674719166033722
categorical__origin_airport_MHT,-0.0763178460559065,0.0763178460559065
categorical__destination_airport_JAN,-0.07631267877506724,0.07631267877506724
categorical__destination_airport_FSM,-0.07557781208711899,0.07557781208711899
categorical__destination_airport_BTM,-0.07534473232190275,0.07534473232190275
categorical__destination_airport_PIT,-0.07499328983743721,0.07499328983743721
numeric__destination_nws_hazard_active_at_cutoff,0.07466382624544637,0.07466382624544637
categorical__origin_airport_DAB,-0.0744376486728843,0.0744376486728843
categorical__destination_airport_TVC,0.07402389429567571,0.07402389429567571
categorical__destination_airport_OKC,-0.07393003004348048,0.07393003004348048
categorical__origin_airport_ACT,0.07386412927185743,0.07386412927185743
categorical__airline_OH,-0.07354426223608744,0.07354426223608744
categorical__destination_airport_HRL,-0.07347539641331857,0.07347539641331857
categorical__departure_month_3,0.07322010769286419,0.07322010769286419
categorical__origin_airport_PBG,-0.0729774930223131,0.0729774930223131
categorical__origin_airport_IAH,0.07267623441260394,0.07267623441260394
categorical__origin_airport_CVG,0.07262978765372421,0.07262978765372421
categorical__destination_airport_HSV,-0.0725393099435321,0.0725393099435321
numeric__origin_recent_delay_rate_history_unavailable,0.07224535798900368,0.07224535798900368
categorical__origin_airport_TUL,-0.07217709142606325,0.07217709142606325
categorical__origin_airport_APN,0.07209762583805986,0.07209762583805986
categorical__destination_airport_MLI,-0.07207251161891477,0.07207251161891477
categorical__destination_airport_EKO,-0.07176943733804937,0.07176943733804937
categorical__origin_airport_LNK,0.0717228862538454,0.0717228862538454
categorical__destination_airport_TXK,-0.07163886114806037,0.07163886114806037
categorical__destination_airport_SJU,0.07155278837299944,0.07155278837299944
categorical__destination_airport_PIB,0.07154144144875794,0.07154144144875794
categorical__origin_airport_BOI,0.07152494472841141,0.07152494472841141
categorical__destination_airport_LBE,0.07124124559509827,0.07124124559509827
categorical__origin_airport_HPN,0.07103330154530976,0.07103330154530976
categorical__destination_airport_MBS,0.07045583986687946,0.07045583986687946
categorical__destination_airport_ADQ,-0.07010814820252491,0.07010814820252491
categorical__origin_airport_MSP,0.06932889911246819,0.06932889911246819
categorical__origin_airport_CID,0.06907750119145112,0.06907750119145112
categorical__destination_airport_ABQ,0.06877066689323363,0.06877066689323363
categorical__origin_airport_LRD,-0.06867181661131551,0.06867181661131551
categorical__destination_airport_RDM,-0.06865012826900084,0.06865012826900084
categorical__airline_YV,-0.06857173316915023,0.06857173316915023
categorical__origin_airport_MCO,0.06856328267397087,0.06856328267397087
categorical__origin_airport_OME,-0.06845986879921483,0.06845986879921483
categorical__destination_airport_CID,-0.06838507744416279,0.06838507744416279
categorical__destination_airport_CPR,-0.0683704505991973,0.0683704505991973
categorical__origin_airport_STT,-0.06797681344155314,0.06797681344155314
categorical__destination_airport_GRB,0.06777309752412068,0.06777309752412068
categorical__destination_airport_GPT,-0.06772384903005955,0.06772384903005955
categorical__destination_airport_DIK,-0.06763985987448828,0.06763985987448828
categorical__origin_airport_ABY,0.06763005948891258,0.06763005948891258
categorical__origin_airport_BLV,-0.06759197329366719,0.06759197329366719
categorical__destination_airport_SGU,-0.06734086163179673,0.06734086163179673
categorical__destination_airport_BLI,-0.06718906510629863,0.06718906510629863
categorical__destination_airport_SBP,0.06712127353208623,0.06712127353208623
categorical__destination_airport_ROW,-0.06706785516134565,0.06706785516134565
categorical__destination_airport_PBG,0.0670074249066669,0.0670074249066669
categorical__destination_airport_PLN,0.066678223369668,0.066678223369668
categorical__destination_airport_ELM,0.06624059922728122,0.06624059922728122
categorical__origin_airport_BPT,-0.06607523685095655,0.06607523685095655
categorical__destination_airport_RIW,-0.06600868043340585,0.06600868043340585
categorical__destination_airport_BET,-0.06565430216288035,0.06565430216288035
numeric__origin_nws_hazard_valid_at_departure,-0.06544069026729146,0.06544069026729146
categorical__origin_airport_DAY,-0.06523823611158422,0.06523823611158422
categorical__origin_airport_ELP,-0.06498837611910908,0.06498837611910908
categorical__origin_airport_FAY,0.06494037899545567,0.06494037899545567
categorical__destination_airport_LBL,0.06484382033110303,0.06484382033110303
categorical__origin_airport_RDU,0.06439457328882435,0.06439457328882435
categorical__origin_airport_MQT,0.06397711646405219,0.06397711646405219
categorical__origin_airport_GNV,0.06375764538863167,0.06375764538863167
categorical__destination_airport_BJI,-0.06354820735897275,0.06354820735897275
categorical__destination_airport_BTR,0.06333607188198985,0.06333607188198985
categorical__origin_airport_SEA,-0.06329075782740504,0.06329075782740504
categorical__destination_airport_BLV,0.0632599700920591,0.0632599700920591
categorical__destination_airport_XNA,0.06310947847527103,0.06310947847527103
categorical__origin_airport_RSW,0.06305516296239733,0.06305516296239733
categorical__origin_airport_GRR,0.06295945108255903,0.06295945108255903
categorical__origin_airport_IMT,0.06295420398344412,0.06295420398344412
categorical__destination_airport_DAY,-0.0627288052155093,0.0627288052155093
categorical__origin_airport_LBL,-0.06260641292756933,0.06260641292756933
categorical__destination_airport_MLU,-0.06252626937202231,0.06252626937202231
categorical__origin_airport_FSM,0.06238224050510879,0.06238224050510879
categorical__destination_airport_ITH,-0.062271337183867626,0.062271337183867626
categorical__destination_airport_PIE,-0.061802543828237404,0.061802543828237404
categorical__destination_airport_BIL,0.061723328165004934,0.061723328165004934
categorical__destination_faa_hub_category_Missing,0.06130199423754133,0.06130199423754133
categorical__destination_airport_BGR,0.0612438045197056,0.0612438045197056
categorical__origin_faa_hub_category_M,-0.060792575384769725,0.060792575384769725
categorical__destination_airport_LNK,0.06044565602315237,0.06044565602315237
categorical__origin_airport_SLC,-0.060256103962480566,0.060256103962480566
categorical__destination_airport_MVY,0.06017897045094939,0.06017897045094939
categorical__destination_airport_GSO,-0.060037997829463,0.060037997829463
categorical__destination_airport_PUW,-0.05995482702241949,0.05995482702241949
categorical__origin_airport_GRI,0.05993674288080576,0.05993674288080576
categorical__origin_airport_CSG,0.05951115342688914,0.05951115342688914
categorical__destination_airport_SWF,0.058744679027621545,0.058744679027621545
categorical__origin_airport_MKE,0.05847901729565923,0.05847901729565923
numeric__destination_recent_delay_rate,0.05819276250232298,0.05819276250232298
categorical__origin_airport_SBA,-0.057806481948944714,0.057806481948944714
numeric__destination_nws_hazard_valid_at_departure,-0.05775618122057209,0.05775618122057209
categorical__destination_airport_ACV,0.057737776514025396,0.057737776514025396
categorical__destination_airport_ITO,-0.05766712613214757,0.05766712613214757
categorical__origin_airport_SDF,0.05752372562838953,0.05752372562838953
categorical__destination_airport_DDC,0.056959460892666805,0.056959460892666805
categorical__destination_airport_CAK,0.05676726063099932,0.05676726063099932
categorical__departure_month_5,0.05668007479165297,0.05668007479165297
categorical__origin_airport_MCW,-0.05667845365823159,0.05667845365823159
categorical__destination_airport_DCA,0.056556956415410205,0.056556956415410205
categorical__destination_airport_ROA,0.05645805874409271,0.05645805874409271
categorical__destination_airport_ORH,0.055164171372379826,0.055164171372379826
categorical__departure_weekday_3,0.055004604163792575,0.055004604163792575
categorical__origin_airport_PGD,0.054868409444123606,0.054868409444123606
categorical__destination_airport_CHO,0.05464454550710877,0.05464454550710877
categorical__origin_airport_MFR,-0.05439083971859261,0.05439083971859261
categorical__origin_airport_FSD,0.05433770876116117,0.05433770876116117
categorical__origin_airport_GCC,0.054273635103141156,0.054273635103141156
categorical__origin_airport_ADQ,-0.05424735017706155,0.05424735017706155
categorical__airline_AA,0.053957097882351014,0.053957097882351014
categorical__destination_airport_SLN,0.05388295240480239,0.05388295240480239
categorical__origin_airport_DIK,0.053280928673586886,0.053280928673586886
categorical__destination_airport_IDA,-0.053011402088307014,0.053011402088307014
categorical__destination_airport_KTN,0.05299566292721804,0.05299566292721804
categorical__origin_airport_SIT,-0.052827279342358806,0.052827279342358806
categorical__origin_airport_BDL,0.052814783458979955,0.052814783458979955
categorical__destination_airport_SBA,0.052465226700356256,0.052465226700356256
categorical__destination_airport_HIB,-0.05246292882389622,0.05246292882389622
categorical__destination_airport_MQT,-0.05185347646200177,0.05185347646200177
categorical__destination_airport_MSP,0.05180571798719176,0.05180571798719176
categorical__destination_airport_FAT,-0.05170787448764581,0.05170787448764581
categorical__destination_airport_SLC,-0.051143612852163414,0.051143612852163414
categorical__origin_airport_OMA,0.050785984481563025,0.050785984481563025
categorical__origin_airport_LWS,0.05070873007322477,0.05070873007322477
categorical__destination_airport_RDD,-0.05035762527444659,0.05035762527444659
categorical__origin_airport_MEI,-0.05002506820195673,0.05002506820195673
categorical__origin_airport_YAK,-0.049972847013467644,0.049972847013467644
categorical__destination_airport_BDL,0.049903451655843166,0.049903451655843166
categorical__origin_airport_LGB,-0.04982788348037779,0.04982788348037779
categorical__destination_faa_hub_category_S,0.04975129637710477,0.04975129637710477
categorical__destination_airport_DAB,0.04957442919124676,0.04957442919124676
categorical__destination_airport_ICT,-0.049525041965767014,0.049525041965767014
categorical__origin_airport_TPA,0.04895361584235756,0.04895361584235756
categorical__origin_airport_BOS,0.04884585596291523,0.04884585596291523
categorical__origin_airport_SAT,-0.04831574748566542,0.04831574748566542
categorical__origin_airport_AUS,0.048155572695923146,0.048155572695923146
categorical__destination_airport_FOD,-0.04814584019676336,0.04814584019676336
categorical__origin_airport_PIB,0.04797061460155825,0.04797061460155825
categorical__destination_airport_RIC,0.047940698320345546,0.047940698320345546
categorical__origin_airport_EWN,-0.04790677264542395,0.04790677264542395
categorical__origin_airport_DFW,-0.047890690960094254,0.047890690960094254
categorical__origin_airport_TLH,0.047533441893401585,0.047533441893401585
categorical__destination_airport_PSM,0.047440545747693005,0.047440545747693005
categorical__origin_faa_hub_category_Missing,0.04669807696674515,0.04669807696674515
categorical__destination_airport_USA,-0.04642926470272589,0.04642926470272589
categorical__origin_airport_JST,0.04637220306141294,0.04637220306141294
categorical__destination_airport_SIT,0.04623935191170376,0.04623935191170376
categorical__origin_airport_EVV,-0.046110586153082084,0.046110586153082084
categorical__destination_airport_MSN,0.04606412059271858,0.04606412059271858
categorical__origin_airport_SPS,0.04579596264968022,0.04579596264968022
categorical__destination_faa_hub_category_N,-0.045629297215143125,0.045629297215143125
categorical__origin_airport_SAN,0.04552363571587778,0.04552363571587778
categorical__destination_airport_YUM,-0.04542884085115234,0.04542884085115234
categorical__airline_QX,-0.045288802900349145,0.045288802900349145
categorical__destination_airport_MEI,-0.04515842389108035,0.04515842389108035
categorical__origin_airport_LFT,0.04512185728619977,0.04512185728619977
categorical__origin_airport_COS,0.04508865565972744,0.04508865565972744
categorical__destination_airport_OMA,0.04491132937970475,0.04491132937970475
categorical__destination_airport_LGB,-0.044762083786026745,0.044762083786026745
categorical__destination_airport_MLB,-0.0446339497513367,0.0446339497513367
categorical__destination_airport_ATW,0.044187624894297395,0.044187624894297395
categorical__origin_airport_LSE,0.043997579454222294,0.043997579454222294
categorical__destination_airport_CKB,0.04360657176989855,0.04360657176989855
categorical__origin_airport_SPN,-0.043284537680342766,0.043284537680342766
categorical__destination_airport_JNU,-0.043112418745747345,0.043112418745747345
categorical__destination_airport_SMF,-0.04235611636912433,0.04235611636912433
categorical__origin_airport_ABR,-0.042299170713762074,0.042299170713762074
categorical__destination_airport_OME,0.04219283245342906,0.04219283245342906
categorical__destination_airport_SJT,-0.04186253952005176,0.04186253952005176
categorical__origin_airport_ROW,0.041790719851750056,0.041790719851750056
categorical__destination_airport_OTZ,-0.04150037335358422,0.04150037335358422
categorical__destination_airport_MOB,0.041491359896350485,0.041491359896350485
categorical__origin_airport_DVL,-0.04086815527237345,0.04086815527237345
categorical__origin_airport_ABI,0.04060422830177197,0.04060422830177197
categorical__origin_airport_PRC,0.04048561074701454,0.04048561074701454
categorical__destination_airport_CRP,-0.040461834219825576,0.040461834219825576
categorical__destination_airport_ONT,-0.040456551485425096,0.040456551485425096
categorical__origin_airport_BGR,-0.040059455539892944,0.040059455539892944
categorical__origin_airport_SWF,-0.04003533521814924,0.04003533521814924
categorical__destination_airport_ALB,0.03998571868820295,0.03998571868820295
categorical__departure_weekday_0,-0.03979444267855086,0.03979444267855086
categorical__destination_airport_TYS,0.03968859208160012,0.03968859208160012
categorical__origin_airport_PSC,0.03964754166329223,0.03964754166329223
categorical__destination_airport_ILM,0.03960603315002514,0.03960603315002514
categorical__destination_airport_LCK,-0.03887740622226262,0.03887740622226262
categorical__destination_airport_ACY,0.038237330664481914,0.038237330664481914
categorical__destination_airport_SGF,-0.038199984863350744,0.038199984863350744
categorical__origin_airport_BNA,-0.03802100122570592,0.03802100122570592
categorical__origin_airport_ITH,0.037667980906618014,0.037667980906618014
categorical__origin_airport_INL,-0.03764140162232689,0.03764140162232689
categorical__destination_airport_SPN,-0.037423072541897834,0.037423072541897834
categorical__destination_airport_LRD,0.03742121084107347,0.03742121084107347
categorical__origin_airport_BHM,0.03736166921807578,0.03736166921807578
categorical__origin_airport_STL,-0.03721349268445451,0.03721349268445451
categorical__destination_airport_GSP,-0.03720361897840345,0.03720361897840345
categorical__origin_airport_BFF,0.03705699613362901,0.03705699613362901
categorical__destination_airport_AVL,0.03699846707805975,0.03699846707805975
categorical__origin_airport_ACY,-0.03690289014248038,0.03690289014248038
categorical__origin_airport_GSO,-0.03665275259752518,0.03665275259752518
categorical__destination_airport_CSG,0.03662123977720261,0.03662123977720261
categorical__origin_faa_hub_category_N,0.03656385102483335,0.03656385102483335
categorical__origin_airport_MHK,-0.03588254537276111,0.03588254537276111
categorical__origin_airport_MLI,0.03574605238504468,0.03574605238504468
categorical__destination_airport_MDW,0.03556661108816445,0.03556661108816445
categorical__destination_airport_TRI,-0.035540266936811435,0.035540266936811435
categorical__origin_airport_LAN,-0.035488269465563126,0.035488269465563126
categorical__destination_airport_PIA,0.035288187721847566,0.035288187721847566
categorical__destination_airport_LIH,-0.03511950723780879,0.03511950723780879
categorical__origin_airport_AEX,0.03507429481555169,0.03507429481555169
categorical__destination_airport_CMH,-0.03479426769030544,0.03479426769030544
categorical__destination_airport_HOU,-0.034653740390009506,0.034653740390009506
categorical__origin_airport_GRB,0.03422265879230486,0.03422265879230486
categorical__destination_airport_PRC,-0.034150950874744034,0.034150950874744034
categorical__destination_airport_OGG,0.03410504918990913,0.03410504918990913
categorical__origin_airport_MCI,-0.034033475944656666,0.034033475944656666
categorical__origin_airport_FLG,0.033995149383893475,0.033995149383893475
categorical__origin_airport_BUR,-0.03364958397122733,0.03364958397122733
categorical__origin_airport_ALW,0.033649519216957434,0.033649519216957434
categorical__origin_airport_BJI,0.033551229243204944,0.033551229243204944
categorical__origin_airport_FCA,-0.03317930782641469,0.03317930782641469
categorical__origin_airport_ILM,0.03315497858598317,0.03315497858598317
categorical__origin_airport_RNO,-0.03312966644541477,0.03312966644541477
categorical__origin_faa_hub_category_Non-primary,-0.03310068133650744,0.03310068133650744
categorical__destination_airport_BOI,-0.032967254143545247,0.032967254143545247
categorical__origin_airport_ELM,-0.03213086318132333,0.03213086318132333
categorical__destination_airport_PSG,0.032097591491783165,0.032097591491783165
categorical__origin_airport_TYS,0.03194435276999812,0.03194435276999812
categorical__origin_airport_OAK,-0.03164664789917834,0.03164664789917834
categorical__destination_airport_COU,-0.031509546636588615,0.031509546636588615
categorical__destination_airport_PWM,0.03144938246946467,0.03144938246946467
categorical__origin_airport_SFO,0.031297201520072114,0.031297201520072114
categorical__destination_airport_TLH,-0.031086293802992496,0.031086293802992496
categorical__origin_airport_JAX,0.030972056993859055,0.030972056993859055
categorical__destination_airport_PSP,0.03093683446749291,0.03093683446749291
categorical__origin_airport_BLI,-0.030915861182458447,0.030915861182458447
categorical__origin_airport_LAS,0.030875021153763848,0.030875021153763848
categorical__origin_airport_ABQ,0.030722522847811743,0.030722522847811743
categorical__destination_airport_BGM,0.030701041140285604,0.030701041140285604
categorical__origin_airport_FAI,-0.030102603678615128,0.030102603678615128
categorical__origin_airport_VEL,-0.030087631130394785,0.030087631130394785
categorical__origin_airport_GRK,-0.030042436354840184,0.030042436354840184
categorical__destination_airport_MCW,0.029847501480477115,0.029847501480477115
categorical__destination_airport_GNV,-0.029589413816849788,0.029589413816849788
categorical__origin_airport_SHR,0.029478059515981692,0.029478059515981692
categorical__destination_airport_LAR,0.029385316736814705,0.029385316736814705
categorical__destination_airport_MCI,-0.02932436438306473,0.02932436438306473
categorical__origin_airport_RFD,-0.02921935183853661,0.02921935183853661
categorical__departure_weekday_5,0.028992934943768558,0.028992934943768558
categorical__origin_airport_SCC,-0.028961543769873768,0.028961543769873768
categorical__destination_faa_hub_category_Non-primary,0.028881219915972433,0.028881219915972433
categorical__destination_airport_AMA,0.028800531647897334,0.028800531647897334
categorical__destination_airport_CVG,-0.028711625651957482,0.028711625651957482
categorical__origin_airport_VCT,-0.02870102225131108,0.02870102225131108
categorical__destination_airport_CRW,0.028684451221444855,0.028684451221444855
categorical__origin_airport_MIA,0.028634276786649978,0.028634276786649978
categorical__origin_airport_MVY,0.028552287181662517,0.028552287181662517
categorical__destination_airport_RDU,-0.02851537034901688,0.02851537034901688
categorical__origin_airport_DCA,0.02835844595509574,0.02835844595509574
categorical__destination_airport_COD,0.028357122173591494,0.028357122173591494
categorical__destination_airport_SAT,0.028119686275641834,0.028119686275641834
categorical__origin_airport_GSP,0.028008454314740163,0.028008454314740163
categorical__origin_airport_ORD,-0.0278516146308966,0.0278516146308966
categorical__destination_airport_LWS,0.027665253275967694,0.027665253275967694
categorical__origin_airport_MLU,-0.027141217501276915,0.027141217501276915
categorical__origin_airport_IDA,-0.027119397927268182,0.027119397927268182
categorical__origin_airport_CIU,0.026989555105734996,0.026989555105734996
numeric__scheduled_duration_minutes,-0.026901659552752387,0.026901659552752387
categorical__origin_airport_OKC,-0.026845469306921527,0.026845469306921527
categorical__destination_airport_JMS,-0.02630533355584207,0.02630533355584207
categorical__origin_airport_PNS,0.026283257307911832,0.026283257307911832
categorical__destination_airport_ABR,-0.02614859938174641,0.02614859938174641
categorical__destination_airport_ABI,0.025926146438758478,0.025926146438758478
categorical__origin_airport_GCK,-0.025807539350163878,0.025807539350163878
categorical__destination_airport_JST,0.025718261578231177,0.025718261578231177
categorical__origin_airport_BGM,-0.02551226087398666,0.02551226087398666
categorical__destination_airport_BZN,0.025408241245602325,0.025408241245602325
categorical__destination_airport_PVD,-0.025097762308240616,0.025097762308240616
categorical__origin_airport_BWI,0.024918930003118966,0.024918930003118966
categorical__destination_airport_SNA,-0.024891318934298613,0.024891318934298613
categorical__destination_airport_BFF,0.02477271225047897,0.02477271225047897
categorical__origin_airport_IAG,-0.024444397098836963,0.024444397098836963
categorical__destination_faa_hub_category_M,0.024383933295799853,0.024383933295799853
categorical__destination_airport_BQK,0.02429689287102448,0.02429689287102448
categorical__origin_airport_BRW,0.023916416586699088,0.023916416586699088
categorical__origin_airport_SHV,0.02385798670281767,0.02385798670281767
categorical__origin_airport_ESC,-0.023485541192424634,0.023485541192424634
categorical__destination_airport_BUF,0.02333097337914407,0.02333097337914407
categorical__origin_airport_PSG,-0.02328778963913246,0.02328778963913246
categorical__origin_airport_MBS,-0.023106714636233112,0.023106714636233112
categorical__destination_airport_GJT,0.022967317157151897,0.022967317157151897
categorical__origin_airport_PHL,-0.02296578074232473,0.02296578074232473
categorical__origin_airport_CDV,0.022709454417025172,0.022709454417025172
categorical__origin_airport_YUM,0.022681122336740002,0.022681122336740002
categorical__destination_airport_ANC,0.022262459730659084,0.022262459730659084
categorical__origin_airport_MGM,-0.02224209424449562,0.02224209424449562
categorical__origin_airport_CMI,-0.02211244817564058,0.02211244817564058
categorical__destination_airport_TTN,-0.021649280482135907,0.021649280482135907
categorical__origin_airport_EGE,0.021624013456506632,0.021624013456506632
categorical__destination_airport_BRO,-0.021276220237563426,0.021276220237563426
categorical__destination_airport_DTW,0.021181496126585937,0.021181496126585937
categorical__departure_month_2,-0.021134424305070555,0.021134424305070555
categorical__origin_airport_MLB,0.021092428739928382,0.021092428739928382
categorical__origin_airport_SJT,-0.02099286788217038,0.02099286788217038
categorical__origin_airport_ROC,0.02059049847836128,0.02059049847836128
numeric__route_recent_delay_rate_history_unavailable,-0.02056750002888746,0.02056750002888746
categorical__destination_airport_BUR,-0.02050598487612694,0.02050598487612694
categorical__origin_airport_SUN,-0.020043590332231388,0.020043590332231388
categorical__origin_airport_BUF,0.019779837443216333,0.019779837443216333
categorical__origin_airport_MDW,0.019707354510305173,0.019707354510305173
categorical__destination_airport_MCO,-0.01967668929426937,0.01967668929426937
categorical__destination_airport_MEM,0.01954446616597959,0.01954446616597959
categorical__origin_airport_BTR,-0.019461445086624642,0.019461445086624642
categorical__destination_airport_ALW,0.019434330903591115,0.019434330903591115
categorical__origin_airport_DLH,0.01933950205281898,0.01933950205281898
categorical__origin_airport_LEX,-0.019237524434811686,0.019237524434811686
categorical__origin_airport_GTF,0.019236565342115274,0.019236565342115274
categorical__destination_airport_OAK,-0.018541573695400996,0.018541573695400996
categorical__destination_airport_FAR,-0.01849855856860679,0.01849855856860679
categorical__origin_airport_DAL,-0.01787528885878545,0.01787528885878545
categorical__origin_airport_DEN,-0.01776362245111633,0.01776362245111633
categorical__destination_airport_ABY,-0.017357793303522502,0.017357793303522502
categorical__origin_airport_BFL,0.017156509715790903,0.017156509715790903
categorical__origin_airport_CLL,0.017136280971171217,0.017136280971171217
categorical__origin_airport_JLN,-0.016977308212203363,0.016977308212203363
categorical__destination_airport_PSE,-0.016957004500816032,0.016957004500816032
categorical__origin_airport_RST,0.01687011421793324,0.01687011421793324
categorical__origin_airport_BIS,-0.016761723948476782,0.016761723948476782
categorical__origin_airport_VLD,-0.01674932433421206,0.01674932433421206
categorical__origin_airport_ECP,-0.016686970118534827,0.016686970118534827
categorical__destination_airport_VEL,0.01643994782296117,0.01643994782296117
categorical__origin_airport_RKS,0.01639968222156619,0.01639968222156619
categorical__destination_airport_LSE,-0.016376869429877036,0.016376869429877036
categorical__origin_airport_IAD,0.015972313608193504,0.015972313608193504
categorical__destination_airport_SHV,-0.01596146217746951,0.01596146217746951
categorical__origin_airport_CLE,0.01591341657053489,0.01591341657053489
categorical__destination_airport_TOL,0.015701803012511725,0.015701803012511725
categorical__destination_airport_BHM,0.015579110981271713,0.015579110981271713
categorical__origin_airport_CAK,-0.015508273310290635,0.015508273310290635
categorical__origin_airport_GEG,-0.015322138036931738,0.015322138036931738
categorical__origin_airport_MTJ,0.0151842745113461,0.0151842745113461
categorical__destination_airport_IAG,-0.015184051481938585,0.015184051481938585
categorical__destination_airport_GRI,-0.014826658875869128,0.014826658875869128
categorical__destination_airport_ELP,-0.01461609567322005,0.01461609567322005
categorical__origin_airport_TXK,0.014234480383015285,0.014234480383015285
categorical__origin_airport_EUG,0.014156554808534587,0.014156554808534587
categorical__destination_airport_XWA,-0.013820040120556472,0.013820040120556472
categorical__origin_airport_RIW,0.013740414395347829,0.013740414395347829
categorical__origin_faa_hub_category_S,0.013450689510857991,0.013450689510857991
categorical__origin_airport_HTS,0.013320509248638094,0.013320509248638094
categorical__destination_airport_BNA,0.013047302063629435,0.013047302063629435
categorical__destination_airport_CHA,0.013045589896985326,0.013045589896985326
categorical__origin_airport_FOD,0.012882305985528352,0.012882305985528352
categorical__origin_airport_LBB,0.012797144230342531,0.012797144230342531
categorical__origin_airport_PLN,0.012746606735633841,0.012746606735633841
categorical__destination_airport_FSD,-0.012712178970296651,0.012712178970296651
categorical__destination_airport_MHT,-0.012277611531162132,0.012277611531162132
categorical__destination_airport_BWI,0.011847856637215626,0.011847856637215626
categorical__origin_airport_AZO,0.011813625166737018,0.011813625166737018
categorical__origin_airport_FAT,0.011766545245556696,0.011766545245556696
numeric__within_three_days_of_federal_holiday,-0.011693136425437671,0.011693136425437671
categorical__origin_airport_MOB,0.01154102122306224,0.01154102122306224
categorical__destination_airport_LIT,-0.01140218244744174,0.01140218244744174
categorical__destination_airport_SYR,-0.01134288849112679,0.01134288849112679
categorical__destination_airport_VPS,0.011037098313681751,0.011037098313681751
categorical__origin_airport_ALB,0.010879272725423399,0.010879272725423399
categorical__origin_airport_ACV,0.01084228291283059,0.01084228291283059
categorical__departure_month_4,-0.010821724645215254,0.010821724645215254
categorical__destination_airport_CDC,0.010815510415678513,0.010815510415678513
categorical__destination_airport_LAN,0.010754040026806194,0.010754040026806194
categorical__destination_airport_GUC,0.010735510682085317,0.010735510682085317
categorical__destination_airport_GUM,0.01053093562088224,0.01053093562088224
categorical__origin_airport_SAF,0.010465298280561634,0.010465298280561634
categorical__origin_airport_ICT,0.009986611517540886,0.009986611517540886
categorical__destination_airport_ORF,-0.009769331850416008,0.009769331850416008
categorical__destination_airport_MSY,-0.009532495859407176,0.009532495859407176
categorical__destination_airport_DLH,-0.009279190031064668,0.009279190031064668
categorical__origin_airport_SRQ,-0.00912683236915966,0.00912683236915966
categorical__origin_airport_MDT,-0.009070510234769734,0.009070510234769734
categorical__destination_airport_DSM,-0.008865885593911937,0.008865885593911937
categorical__origin_airport_TRI,-0.008267815313941183,0.008267815313941183
categorical__destination_airport_SCC,0.00821892267880086,0.00821892267880086
categorical__origin_airport_SAV,-0.008053100778266643,0.008053100778266643
categorical__destination_airport_SDF,0.007961133294292409,0.007961133294292409
categorical__origin_airport_CAE,0.007752608936815883,0.007752608936815883
categorical__destination_airport_DRO,0.007631173166883778,0.007631173166883778
categorical__origin_airport_BMI,-0.0076142904596350315,0.0076142904596350315
categorical__origin_airport_DEC,0.007480295048850792,0.007480295048850792
categorical__origin_airport_SWO,-0.007276246255804473,0.007276246255804473
categorical__destination_airport_IMT,-0.007124785687360397,0.007124785687360397
categorical__destination_airport_DHN,-0.007080171635729804,0.007080171635729804
categorical__origin_airport_PIT,-0.007043302748392513,0.007043302748392513
categorical__origin_airport_SCK,-0.006905088852028118,0.006905088852028118
categorical__origin_airport_SNA,-0.006795615513972476,0.006795615513972476
categorical__destination_airport_DVL,0.006714966357414369,0.006714966357414369
categorical__destination_airport_IND,-0.006263350699183119,0.006263350699183119
categorical__origin_airport_MFE,-0.0062512732698152326,0.0062512732698152326
categorical__destination_airport_ACT,0.006229126423327746,0.006229126423327746
categorical__destination_airport_MYR,0.00613029355964728,0.00613029355964728
categorical__destination_airport_MKE,-0.006006702829902104,0.006006702829902104
categorical__origin_airport_AVP,-0.005994611802655193,0.005994611802655193
categorical__destination_airport_RHI,-0.0058199880443269405,0.0058199880443269405
categorical__origin_airport_SPI,-0.005775252839680702,0.005775252839680702
categorical__destination_airport_LFT,0.005728221427406155,0.005728221427406155
categorical__destination_airport_RFD,0.00565298730509048,0.00565298730509048
categorical__destination_airport_BOS,-0.005624796670677552,0.005624796670677552
categorical__destination_airport_SCK,-0.005584204493078551,0.005584204493078551
categorical__origin_airport_BET,0.005459222021722349,0.005459222021722349
categorical__origin_airport_DDC,0.005364829280013403,0.005364829280013403
categorical__origin_airport_PIE,0.005266357987533731,0.005266357987533731
categorical__destination_airport_LEX,-0.005101958405055831,0.005101958405055831
categorical__origin_airport_PSE,-0.005088278384536982,0.005088278384536982
categorical__origin_airport_TWF,0.004879328058114697,0.004879328058114697
categorical__origin_airport_PVD,-0.00471720890162197,0.00471720890162197
categorical__origin_airport_BIL,-0.004599047177726095,0.004599047177726095
categorical__origin_airport_CMX,-0.0044602001635427905,0.0044602001635427905
categorical__destination_airport_GRR,-0.0043352638488749606,0.0043352638488749606
categorical__destination_airport_TUS,-0.004299452981737894,0.004299452981737894
categorical__destination_airport_LBF,-0.004269747992340903,0.004269747992340903
categorical__origin_airport_GUM,-0.0040921633488011635,0.0040921633488011635
categorical__origin_airport_AVL,0.003992191250558217,0.003992191250558217
categorical__origin_airport_MSY,0.003824877039743627,0.003824877039743627
categorical__origin_airport_PIH,0.003824587112443954,0.003824587112443954
categorical__origin_airport_GGG,0.0037802983344002866,0.0037802983344002866
categorical__origin_airport_CHS,0.003469692176038183,0.003469692176038183
categorical__origin_airport_HYS,-0.003443085559306924,0.003443085559306924
categorical__destination_airport_RST,0.0034424244195055327,0.0034424244195055327
categorical__origin_airport_HIB,0.0033729433698091405,0.0033729433698091405
categorical__destination_airport_TUL,0.002923604808642197,0.002923604808642197
categorical__destination_airport_ROC,-0.0028823567623987847,0.0028823567623987847
categorical__destination_airport_FAI,-0.00282817415813639,0.00282817415813639
categorical__origin_airport_DHN,0.0027863631619035223,0.0027863631619035223
categorical__destination_airport_VLD,-0.002587287646838063,0.002587287646838063
categorical__destination_airport_CMX,-0.0025345391990430374,0.0025345391990430374
categorical__origin_airport_IND,0.0024885854697995007,0.0024885854697995007
categorical__destination_airport_HPN,0.0019438496568532642,0.0019438496568532642
categorical__origin_airport_CYS,-0.0016245838570375195,0.0016245838570375195
categorical__destination_airport_FAY,-0.0015665008872036061,0.0015665008872036061
categorical__destination_airport_CWA,-0.00156440745310785,0.00156440745310785
categorical__destination_airport_ABE,-0.0014313288414224622,0.0014313288414224622
categorical__origin_airport_ANC,-0.0013869646033343689,0.0013869646033343689
categorical__destination_airport_BRD,-0.0012154888436511288,0.0012154888436511288
categorical__origin_airport_TUS,-0.0012044718682919994,0.0012044718682919994
categorical__destination_airport_GEG,-0.0008377652382556461,0.0008377652382556461
categorical__origin_airport_TYR,0.0006955602150449372,0.0006955602150449372
categorical__origin_airport_ABE,0.0005965408867844137,0.0005965408867844137
categorical__destination_airport_INL,-0.0004910865189925771,0.0004910865189925771
categorical__origin_airport_SLN,0.0004266029240128132,0.0004266029240128132
categorical__origin_airport_ROA,-0.00037017722802846787,0.00037017722802846787
categorical__origin_airport_PUW,-0.0002568934369372593,0.0002568934369372593
categorical__origin_airport_CMH,-0.00011433598299805162,0.00011433598299805162
categorical__origin_airport_DTW,5.689056501071445e-05,5.689056501071445e-05
categorical__destination_airport_MSO,1.4314261008280334e-05,1.4314261008280334e-05
