feature,importance
numeric__route_recent_delay_rate,0.085415445
numeric__scheduled_departure_hour,0.061430525
categorical__departure_weekday_1,0.030712074
categorical__airline_B6,0.028216958
numeric__origin_nws_hazard_active_at_cutoff,0.026426185
categorical__airline_WN,0.025115341
categorical__airline_F9,0.024064168
numeric__destination_nws_hazard_active_at_cutoff,0.023646222
numeric__origin_recent_delay_rate,0.020080458
categorical__airline_DL,0.019546716
categorical__airline_OO,0.01854277
categorical__departure_month_6,0.01715171
categorical__departure_weekday_4,0.017067386
categorical__airline_YX,0.016571002
categorical__departure_weekday_2,0.014165666
categorical__departure_month_12,0.013981025
categorical__departure_month_7,0.013364348
categorical__departure_month_10,0.012813813
numeric__origin_nws_winter_hazard,0.012540588
numeric__destination_recent_delay_rate,0.012522214
categorical__airline_AA,0.010586202
categorical__departure_month_9,0.009538965
categorical__airline_9E,0.009445834
categorical__departure_month_1,0.009270565
numeric__within_three_days_of_federal_holiday,0.00922016
categorical__departure_weekday_6,0.008980072
categorical__airline_NK,0.008621274
categorical__departure_month_8,0.008496734
categorical__departure_month_2,0.0069572944
categorical__airline_UA,0.006912321
numeric__origin_nws_hazard_valid_at_departure,0.006900646
numeric__destination_nws_winter_hazard,0.006314038
categorical__departure_month_3,0.0062129046
categorical__departure_weekday_3,0.0061732507
categorical__origin_airport_EWR,0.005947376
categorical__airline_HA,0.0059043276
categorical__airline_G4,0.005728786
categorical__destination_airport_MCO,0.0056109573
categorical__destination_airport_SFO,0.00553504
categorical__destination_airport_SNA,0.005442887
numeric__scheduled_duration_minutes,0.0054389006
categorical__destination_airport_LAS,0.005142645
categorical__origin_faa_hub_category_L,0.0050970153
categorical__airline_MQ,0.005017428
categorical__origin_airport_ATL,0.005003336
categorical__departure_weekday_0,0.004907104
categorical__destination_airport_HNL,0.0047460315
categorical__origin_airport_DEN,0.004596082
categorical__origin_airport_PHX,0.0045421636
categorical__airline_AS,0.0045399154
numeric__destination_daily_scheduled_flights,0.004439546
categorical__destination_airport_EWR,0.0044247303
categorical__destination_airport_PHX,0.0043787765
categorical__origin_airport_HNL,0.0043366626
categorical__origin_airport_OGG,0.0042218496
categorical__origin_airport_CMH,0.0039117425
categorical__destination_airport_LGA,0.00389945
categorical__origin_airport_SAN,0.0037952668
categorical__destination_airport_LAX,0.0037896656
categorical__origin_airport_LAS,0.0037472516
numeric__origin_hourly_scheduled_flights,0.003743378
categorical__origin_airport_JFK,0.0036948286
categorical__departure_month_5,0.0036864718
categorical__destination_airport_DFW,0.0036861608
categorical__departure_month_11,0.0036807822
numeric__destination_nws_hazard_valid_at_departure,0.0036550176
categorical__origin_airport_MCO,0.0036176993
categorical__destination_airport_FLL,0.0036158958
categorical__origin_airport_SFO,0.0035238462
categorical__origin_airport_BWI,0.0035028486
categorical__origin_airport_DFW,0.0034701715
categorical__origin_airport_MSN,0.003461773
categorical__departure_weekday_5,0.0034481983
categorical__destination_airport_ATL,0.0033083146
categorical__destination_faa_hub_category_L,0.0032988323
categorical__origin_airport_FLL,0.0032844222
categorical__origin_airport_TPA,0.0032658398
categorical__destination_airport_TPA,0.003226392
categorical__origin_airport_ORD,0.0032009464
categorical__origin_airport_CLT,0.0030894985
categorical__destination_airport_SAN,0.0030337723
categorical__airline_OH,0.003016663
categorical__destination_airport_MIA,0.0030121943
categorical__origin_airport_LAX,0.0029079793
categorical__departure_month_4,0.0028477802
categorical__destination_airport_SLC,0.002807101
categorical__origin_airport_SLC,0.0027200957
categorical__origin_airport_LGA,0.0027176093
categorical__destination_airport_JFK,0.0026972457
categorical__origin_airport_MIA,0.0026289262
categorical__destination_airport_SEA,0.0026068275
categorical__destination_airport_ASE,0.0025839733
categorical__origin_airport_SEA,0.0025576209
categorical__destination_airport_HPN,0.0024827428
categorical__origin_airport_MSP,0.002465659
categorical__origin_airport_DCA,0.002437795
categorical__destination_airport_CLT,0.0024328858
categorical__destination_faa_hub_category_M,0.0024306925
categorical__destination_faa_hub_category_N,0.0023960362
categorical__origin_airport_RNO,0.0023902277
categorical__origin_airport_GRR,0.0023178095
categorical__origin_airport_ITO,0.0023021325
categorical__origin_airport_MSO,0.0022970685
categorical__origin_airport_ASE,0.0022960405
categorical__origin_faa_hub_category_S,0.002294777
categorical__origin_airport_FSD,0.0022814907
categorical__origin_airport_BOS,0.0022561795
categorical__destination_airport_BOS,0.0022326382
categorical__destination_airport_DEN,0.0021847256
categorical__destination_airport_ORD,0.0020783371
categorical__origin_airport_PHL,0.002073651
categorical__destination_airport_DCA,0.0020224415
categorical__destination_airport_RSW,0.0020020704
categorical__origin_faa_hub_category_N,0.0019984243
categorical__origin_airport_AZA,0.0019928697
categorical__origin_airport_MOT,0.0019627067
categorical__origin_airport_KOA,0.0019497821
categorical__origin_airport_MEM,0.0019308171
categorical__airline_YV,0.0018860346
categorical__origin_airport_PBI,0.0018562459
categorical__destination_airport_PBI,0.0018429159
categorical__origin_airport_SJU,0.0018349226
categorical__origin_airport_LIH,0.0016985815
categorical__origin_airport_BLI,0.0016922666
categorical__origin_airport_PWM,0.0016830545
categorical__origin_airport_BNA,0.0016669106
categorical__origin_airport_IAH,0.0016488379
categorical__origin_airport_PDX,0.001630211
categorical__origin_airport_ORF,0.0015906376
categorical__origin_airport_EYW,0.0015791866
categorical__destination_airport_BNA,0.0015703782
categorical__origin_airport_AVL,0.0015565964
categorical__destination_airport_VPS,0.0015482152
categorical__origin_airport_MYR,0.0015453758
categorical__origin_airport_DTW,0.0015427027
categorical__origin_airport_LIT,0.0015345067
categorical__origin_airport_ATW,0.0015264829
categorical__origin_airport_FWA,0.0015246992
categorical__origin_airport_SNA,0.0015211389
categorical__destination_airport_EYW,0.0015089263
categorical__origin_airport_STT,0.0014837016
categorical__origin_airport_PVU,0.001462602
categorical__origin_airport_SJC,0.0014481711
categorical__origin_airport_SBN,0.0014205525
categorical__origin_airport_SMF,0.0013973386
categorical__destination_airport_PGD,0.0013872767
categorical__destination_airport_BLI,0.0013528002
categorical__origin_airport_SBP,0.0013418082
categorical__destination_airport_MSN,0.0013400167
categorical__destination_airport_HYS,0.0013061648
categorical__destination_airport_FSD,0.0013035178
categorical__destination_faa_hub_category_Missing,0.0012978826
categorical__origin_airport_RAP,0.0012902603
categorical__destination_airport_SRQ,0.0012788125
categorical__destination_airport_PDX,0.0012773363
categorical__destination_airport_MDT,0.0012619637
categorical__destination_airport_SFB,0.001238413
categorical__destination_airport_STS,0.0012356803
categorical__destination_airport_ATW,0.0012146237
categorical__origin_airport_BTV,0.00119796
categorical__origin_airport_PGD,0.0011861303
categorical__origin_airport_HOU,0.0011777566
categorical__destination_airport_STT,0.0011495296
categorical__destination_airport_IAH,0.0011419575
categorical__origin_airport_RDU,0.001136611
categorical__destination_airport_HOU,0.0011251642
categorical__origin_airport_TTN,0.0011151503
categorical__origin_airport_XWA,0.0011104366
categorical__destination_airport_SJC,0.0011032098
categorical__origin_airport_MDW,0.0010847467
categorical__destination_airport_PVU,0.0010836639
categorical__origin_airport_DAY,0.0010834106
categorical__destination_airport_PNS,0.0010744083
categorical__origin_airport_STX,0.0010742604
categorical__origin_airport_FAR,0.0010682287
categorical__destination_airport_ONT,0.0010650166
categorical__destination_airport_BTV,0.0010593222
categorical__destination_airport_STL,0.0010591032
categorical__origin_airport_FNT,0.0010353649
categorical__destination_airport_CVG,0.0010328493
categorical__destination_airport_LGB,0.0010289926
categorical__origin_airport_CRP,0.0010065566
categorical__origin_airport_RDM,0.0010064987
categorical__origin_airport_CNY,0.001005554
categorical__destination_airport_GGG,0.0010019483
categorical__origin_faa_hub_category_M,0.0009997061
categorical__origin_airport_LBE,0.000981015
categorical__destination_airport_OKC,0.0009604592
categorical__destination_airport_PSC,0.00094813266
categorical__origin_airport_ANC,0.00093821815
categorical__origin_airport_MKE,0.0009287108
categorical__origin_airport_BTM,0.000925983
categorical__destination_airport_LCH,0.0009158565
categorical__origin_airport_MAF,0.00087585783
categorical__destination_airport_CNY,0.0008714551
categorical__destination_airport_TYS,0.0008674032
categorical__origin_airport_OKC,0.0008587501
categorical__destination_airport_BWI,0.00085869175
categorical__origin_airport_PIE,0.0008585793
categorical__destination_airport_CIU,0.00079346466
categorical__destination_airport_BQN,0.0007481143
categorical__origin_airport_AUS,0.00068906543
categorical__destination_airport_PHL,0.000686375
categorical__origin_airport_TLH,0.0006789962
categorical__destination_airport_MSP,0.0006213589
categorical__destination_airport_SJU,0.0005331039
categorical__origin_airport_STL,0.00041906282
categorical__destination_airport_OGG,0.00024118855
categorical__origin_airport_JMS,0.0
categorical__origin_airport_JLN,0.0
categorical__origin_airport_JAX,0.0
categorical__origin_airport_JAN,0.0
categorical__origin_airport_JAC,0.0
categorical__origin_airport_ITH,0.0
categorical__origin_airport_ISP,0.0
categorical__origin_airport_INL,0.0
categorical__origin_airport_IND,0.0
categorical__origin_airport_IMT,0.0
categorical__origin_airport_ILM,0.0
categorical__origin_airport_IDA,0.0
categorical__origin_airport_GPT,0.0
categorical__origin_airport_GNV,0.0
categorical__origin_airport_GJT,0.0
categorical__origin_airport_GGG,0.0
categorical__origin_airport_GFK,0.0
categorical__origin_airport_GEG,0.0
categorical__origin_airport_GCK,0.0
categorical__origin_airport_GCC,0.0
categorical__origin_airport_FSM,0.0
categorical__origin_airport_LCH,0.0
categorical__origin_airport_LBL,0.0
categorical__origin_airport_LBF,0.0
categorical__origin_airport_LBB,0.0
categorical__origin_airport_LAW,0.0
categorical__origin_airport_LAR,0.0
categorical__origin_airport_MCW,0.0
categorical__origin_airport_MCI,0.0
categorical__origin_airport_MBS,0.0
categorical__origin_airport_LWS,0.0
categorical__origin_airport_LSE,0.0
categorical__origin_airport_LRD,0.0
categorical__origin_airport_LNK,0.0
categorical__origin_airport_LGB,0.0
categorical__origin_airport_LFT,0.0
categorical__origin_airport_LEX,0.0
categorical__origin_airport_LCK,0.0
categorical__origin_airport_GSO,0.0
categorical__origin_airport_GRK,0.0
categorical__origin_airport_GRI,0.0
categorical__origin_airport_GRB,0.0
categorical__origin_airport_MSY,0.0
categorical__origin_airport_MRY,0.0
categorical__origin_airport_MQT,0.0
categorical__origin_airport_MOB,0.0
categorical__origin_airport_MLU,0.0
categorical__origin_airport_MLI,0.0
categorical__origin_airport_MLB,0.0
categorical__origin_airport_MHT,0.0
categorical__origin_airport_MHK,0.0
categorical__origin_airport_MGM,0.0
categorical__origin_airport_MFR,0.0
categorical__origin_airport_MFE,0.0
categorical__origin_airport_MEI,0.0
categorical__origin_airport_MDT,0.0
categorical__origin_airport_FAT,0.0
categorical__origin_airport_FAI,0.0
categorical__origin_airport_EWN,0.0
categorical__origin_airport_EVV,0.0
categorical__origin_airport_EUG,0.0
categorical__origin_airport_ESC,0.0
categorical__origin_airport_ELP,0.0
categorical__origin_airport_ONT,0.0
categorical__origin_airport_OME,0.0
categorical__origin_airport_OMA,0.0
categorical__origin_airport_OAK,0.0
categorical__origin_airport_OAJ,0.0
categorical__origin_airport_MVY,0.0
categorical__origin_airport_MTJ,0.0
categorical__origin_airport_PLN,0.0
categorical__origin_airport_PIT,0.0
categorical__origin_airport_PIH,0.0
categorical__origin_airport_PIB,0.0
categorical__origin_airport_PIA,0.0
categorical__origin_airport_PBG,0.0
categorical__origin_airport_PAE,0.0
categorical__origin_airport_OTZ,0.0
categorical__origin_airport_ORH,0.0
categorical__origin_airport_FOD,0.0
categorical__origin_airport_FLG,0.0
categorical__origin_airport_FCA,0.0
categorical__origin_airport_FAY,0.0
categorical__origin_airport_RKS,0.0
categorical__origin_airport_RIW,0.0
categorical__origin_airport_RIC,0.0
categorical__origin_airport_RHI,0.0
categorical__origin_airport_RFD,0.0
categorical__origin_airport_RDD,0.0
categorical__origin_airport_PVD,0.0
categorical__origin_airport_PUW,0.0
categorical__origin_airport_PSP,0.0
categorical__origin_airport_PSG,0.0
categorical__origin_airport_PSE,0.0
categorical__origin_airport_PSC,0.0
categorical__origin_airport_PRC,0.0
categorical__origin_airport_PNS,0.0
categorical__origin_airport_DSM,0.0
categorical__origin_airport_DRO,0.0
categorical__origin_airport_DLH,0.0
categorical__origin_airport_DIK,0.0
categorical__origin_airport_DHN,0.0
categorical__origin_airport_DEC,0.0
categorical__origin_airport_DDC,0.0
categorical__origin_airport_SBA,0.0
categorical__origin_airport_SAV,0.0
categorical__origin_airport_SAT,0.0
categorical__origin_airport_SAF,0.0
categorical__origin_airport_RSW,0.0
categorical__origin_airport_RST,0.0
categorical__origin_airport_ROW,0.0
categorical__origin_airport_ROC,0.0
categorical__origin_airport_ROA,0.0
categorical__origin_airport_SJT,0.0
categorical__origin_airport_SIT,0.0
categorical__origin_airport_SHV,0.0
categorical__origin_airport_SHR,0.0
categorical__origin_airport_SGU,0.0
categorical__origin_airport_SGF,0.0
categorical__origin_airport_SFB,0.0
categorical__origin_airport_SDF,0.0
categorical__origin_airport_SCK,0.0
categorical__origin_airport_SCE,0.0
categorical__origin_airport_SCC,0.0
categorical__origin_airport_ELM,0.0
categorical__origin_airport_EKO,0.0
categorical__origin_airport_EGE,0.0
categorical__origin_airport_ECP,0.0
categorical__origin_airport_DVL,0.0
categorical__origin_airport_TRI,0.0
categorical__origin_airport_TOL,0.0
categorical__origin_airport_SYR,0.0
categorical__origin_airport_SWO,0.0
categorical__origin_airport_SWF,0.0
categorical__origin_airport_SUX,0.0
categorical__origin_airport_SUN,0.0
categorical__origin_airport_STS,0.0
categorical__origin_airport_SRQ,0.0
categorical__origin_airport_SPS,0.0
categorical__origin_airport_SPN,0.0
categorical__origin_airport_SPI,0.0
categorical__origin_airport_SLN,0.0
categorical__origin_airport_XNA,0.0
categorical__origin_airport_WRG,0.0
categorical__origin_airport_VPS,0.0
categorical__origin_airport_VLD,0.0
categorical__origin_airport_VEL,0.0
categorical__origin_airport_VCT,0.0
categorical__origin_airport_USA,0.0
categorical__origin_airport_TYS,0.0
categorical__origin_airport_TYR,0.0
categorical__origin_airport_TXK,0.0
categorical__origin_airport_TWF,0.0
categorical__origin_airport_TVC,0.0
categorical__origin_airport_TUS,0.0
categorical__origin_airport_TUL,0.0
categorical__destination_airport_ALB,0.0
categorical__destination_airport_AGS,0.0
categorical__destination_airport_AEX,0.0
categorical__destination_airport_ADQ,0.0
categorical__destination_airport_ACY,0.0
categorical__destination_airport_ACV,0.0
categorical__destination_airport_ACT,0.0
categorical__destination_airport_ACK,0.0
categorical__destination_airport_ABY,0.0
categorical__destination_airport_ABR,0.0
categorical__destination_airport_ABQ,0.0
categorical__destination_airport_ABI,0.0
categorical__destination_airport_ABE,0.0
categorical__origin_airport_infrequent_sklearn,0.0
categorical__origin_airport_YUM,0.0
categorical__origin_airport_YAK,0.0
categorical__destination_airport_BGR,0.0
categorical__destination_airport_BGM,0.0
categorical__destination_airport_BFL,0.0
categorical__destination_airport_BFF,0.0
categorical__destination_airport_BET,0.0
categorical__destination_airport_BDL,0.0
categorical__destination_airport_AZO,0.0
categorical__destination_airport_AZA,0.0
categorical__destination_airport_AVP,0.0
categorical__destination_airport_AVL,0.0
categorical__destination_airport_AUS,0.0
categorical__destination_airport_APN,0.0
categorical__destination_airport_ANC,0.0
categorical__destination_airport_AMA,0.0
categorical__destination_airport_ALW,0.0
categorical__destination_airport_BUF,0.0
categorical__destination_airport_BTR,0.0
categorical__destination_airport_BTM,0.0
categorical__destination_airport_BRO,0.0
categorical__destination_airport_BRD,0.0
categorical__destination_airport_BQK,0.0
categorical__destination_airport_BPT,0.0
categorical__destination_airport_BOI,0.0
categorical__destination_airport_BMI,0.0
categorical__destination_airport_BLV,0.0
categorical__destination_airport_BJI,0.0
categorical__destination_airport_BIS,0.0
categorical__destination_airport_BIL,0.0
categorical__destination_airport_BHM,0.0
categorical__destination_airport_CMH,0.0
categorical__destination_airport_CLL,0.0
categorical__destination_airport_CLE,0.0
categorical__destination_airport_CKB,0.0
categorical__destination_airport_CID,0.0
categorical__destination_airport_CHS,0.0
categorical__destination_airport_CHO,0.0
categorical__destination_airport_CHA,0.0
categorical__destination_airport_CDV,0.0
categorical__destination_airport_CDC,0.0
categorical__destination_airport_CAK,0.0
categorical__destination_airport_CAE,0.0
categorical__destination_airport_BZN,0.0
categorical__destination_airport_BUR,0.0
categorical__destination_airport_DAY,0.0
categorical__destination_airport_DAL,0.0
categorical__destination_airport_DAB,0.0
categorical__destination_airport_CYS,0.0
categorical__destination_airport_CWA,0.0
categorical__destination_airport_CSG,0.0
categorical__destination_airport_CRW,0.0
categorical__destination_airport_CRP,0.0
categorical__destination_airport_CPR,0.0
categorical__destination_airport_COU,0.0
categorical__destination_airport_COS,0.0
categorical__destination_airport_COD,0.0
categorical__destination_airport_CMX,0.0
categorical__destination_airport_CMI,0.0
categorical__destination_airport_EUG,0.0
categorical__destination_airport_ESC,0.0
categorical__destination_airport_ELP,0.0
categorical__destination_airport_ELM,0.0
categorical__destination_airport_EKO,0.0
categorical__destination_airport_EGE,0.0
categorical__destination_airport_ECP,0.0
categorical__destination_airport_DVL,0.0
categorical__destination_airport_DTW,0.0
categorical__destination_airport_DSM,0.0
categorical__destination_airport_DRO,0.0
categorical__destination_airport_DLH,0.0
categorical__destination_airport_DIK,0.0
categorical__destination_airport_DHN,0.0
categorical__destination_airport_DEC,0.0
categorical__destination_airport_DDC,0.0
categorical__origin_airport_DAL,0.0
categorical__origin_airport_DAB,0.0
categorical__origin_airport_CYS,0.0
categorical__origin_airport_CWA,0.0
categorical__origin_airport_CVG,0.0
categorical__origin_airport_CSG,0.0
categorical__origin_airport_CRW,0.0
categorical__origin_airport_GTR,0.0
categorical__origin_airport_CPR,0.0
categorical__origin_airport_COU,0.0
categorical__origin_airport_COS,0.0
categorical__origin_airport_COD,0.0
categorical__origin_faa_hub_category_Non-primary,0.0
categorical__origin_airport_CMX,0.0
categorical__origin_airport_CMI,0.0
categorical__destination_airport_EVV,0.0
categorical__airline_QX,0.0
categorical__destination_airport_GFK,0.0
categorical__destination_airport_GEG,0.0
categorical__destination_airport_GCK,0.0
categorical__destination_airport_GCC,0.0
categorical__destination_airport_FWA,0.0
categorical__destination_airport_FSM,0.0
categorical__destination_airport_FOD,0.0
categorical__destination_airport_FNT,0.0
categorical__destination_airport_FLG,0.0
categorical__destination_airport_FCA,0.0
categorical__destination_airport_FAY,0.0
categorical__destination_airport_FAT,0.0
categorical__destination_airport_FAR,0.0
categorical__destination_airport_FAI,0.0
categorical__origin_airport_ABE,0.0
categorical__destination_airport_HIB,0.0
categorical__destination_airport_HHH,0.0
categorical__destination_airport_HDN,0.0
categorical__destination_airport_GUM,0.0
categorical__destination_airport_GUC,0.0
categorical__destination_airport_GTR,0.0
categorical__destination_airport_GTF,0.0
categorical__destination_airport_GSP,0.0
categorical__destination_airport_GSO,0.0
categorical__destination_airport_GRR,0.0
categorical__destination_airport_GRK,0.0
categorical__destination_airport_GRI,0.0
categorical__destination_airport_GRB,0.0
categorical__destination_airport_GPT,0.0
categorical__destination_airport_GNV,0.0
categorical__destination_airport_GJT,0.0
categorical__destination_airport_ITH,0.0
categorical__destination_airport_ISP,0.0
categorical__destination_airport_INL,0.0
categorical__destination_airport_IND,0.0
categorical__destination_airport_IMT,0.0
categorical__destination_airport_ILM,0.0
categorical__destination_airport_IDA,0.0
categorical__destination_airport_ICT,0.0
categorical__origin_airport_ABI,0.0
categorical__destination_airport_IAG,0.0
categorical__destination_airport_IAD,0.0
categorical__destination_airport_HTS,0.0
categorical__destination_airport_HSV,0.0
categorical__destination_airport_HRL,0.0
categorical__origin_airport_ABQ,0.0
categorical__destination_airport_HLN,0.0
categorical__destination_airport_LBF,0.0
categorical__destination_airport_LBE,0.0
categorical__destination_airport_LBB,0.0
categorical__destination_airport_LAW,0.0
categorical__destination_airport_LAR,0.0
categorical__destination_airport_LAN,0.0
categorical__destination_airport_KTN,0.0
categorical__destination_airport_KOA,0.0
categorical__destination_airport_JST,0.0
categorical__destination_airport_JNU,0.0
categorical__destination_airport_JMS,0.0
categorical__destination_airport_JLN,0.0
categorical__destination_airport_JAX,0.0
categorical__destination_airport_JAN,0.0
categorical__destination_airport_JAC,0.0
categorical__destination_airport_ITO,0.0
categorical__destination_airport_MCW,0.0
categorical__destination_airport_MCI,0.0
categorical__destination_airport_MBS,0.0
categorical__destination_airport_MAF,0.0
categorical__destination_airport_LWS,0.0
categorical__destination_airport_LSE,0.0
categorical__destination_airport_LRD,0.0
categorical__destination_airport_LNK,0.0
categorical__destination_airport_LIT,0.0
categorical__destination_airport_LIH,0.0
categorical__origin_airport_ABR,0.0
categorical__destination_airport_LFT,0.0
categorical__destination_airport_LEX,0.0
categorical__destination_airport_LCK,0.0
categorical__destination_faa_hub_category_Non-primary,0.0
categorical__destination_airport_LBL,0.0
categorical__origin_airport_CKB,0.0
categorical__origin_airport_CIU,0.0
categorical__origin_airport_CID,0.0
categorical__origin_airport_CHS,0.0
categorical__origin_airport_CHO,0.0
categorical__origin_airport_CHA,0.0
categorical__origin_airport_CDV,0.0
categorical__origin_airport_CDC,0.0
categorical__origin_airport_CAK,0.0
categorical__origin_airport_CAE,0.0
categorical__origin_airport_BZN,0.0
categorical__destination_airport_MFR,0.0
categorical__destination_airport_MFE,0.0
categorical__destination_airport_MEM,0.0
categorical__destination_airport_MEI,0.0
categorical__destination_airport_MDW,0.0
categorical__destination_airport_MSY,0.0
categorical__destination_faa_hub_category_S,0.0
categorical__destination_airport_MSO,0.0
categorical__destination_airport_MRY,0.0
categorical__destination_airport_MQT,0.0
categorical__destination_airport_MOT,0.0
categorical__destination_airport_MOB,0.0
categorical__destination_airport_MLU,0.0
categorical__destination_airport_MLI,0.0
categorical__destination_airport_MLB,0.0
categorical__destination_airport_MKE,0.0
categorical__destination_airport_MHT,0.0
categorical__destination_airport_MHK,0.0
categorical__destination_airport_MGM,0.0
categorical__origin_airport_CLL,0.0
categorical__origin_airport_CLE,0.0
categorical__origin_airport_ABY,0.0
categorical__origin_faa_hub_category_Missing,0.0
categorical__destination_airport_PAE,0.0
categorical__destination_airport_OTZ,0.0
categorical__destination_airport_ORH,0.0
categorical__destination_airport_ORF,0.0
categorical__origin_airport_APN,0.0
categorical__destination_airport_OME,0.0
categorical__destination_airport_OMA,0.0
categorical__origin_airport_AMA,0.0
categorical__origin_airport_ALW,0.0
categorical__destination_airport_OAK,0.0
categorical__destination_airport_OAJ,0.0
categorical__destination_airport_MYR,0.0
categorical__destination_airport_MVY,0.0
categorical__destination_airport_MTJ,0.0
categorical__origin_airport_ALB,0.0
categorical__destination_airport_PVD,0.0
categorical__destination_airport_PUW,0.0
categorical__destination_airport_PSP,0.0
categorical__destination_airport_PSM,0.0
categorical__destination_airport_PSG,0.0
categorical__destination_airport_PSE,0.0
categorical__origin_airport_AGS,0.0
categorical__destination_airport_PRC,0.0
categorical__origin_airport_AEX,0.0
categorical__destination_airport_PLN,0.0
categorical__destination_airport_PIT,0.0
categorical__destination_airport_PIH,0.0
categorical__destination_airport_PIE,0.0
categorical__destination_airport_PIB,0.0
categorical__destination_airport_PIA,0.0
categorical__destination_airport_SAF,0.0
categorical__destination_airport_RST,0.0
categorical__destination_airport_ROW,0.0
categorical__destination_airport_ROC,0.0
categorical__destination_airport_ROA,0.0
categorical__destination_airport_RNO,0.0
categorical__destination_airport_RKS,0.0
categorical__destination_airport_RIW,0.0
categorical__destination_airport_RIC,0.0
categorical__destination_airport_RHI,0.0
categorical__destination_airport_RFD,0.0
categorical__destination_airport_RDU,0.0
categorical__destination_airport_RDM,0.0
categorical__destination_airport_RDD,0.0
categorical__destination_airport_RAP,0.0
categorical__destination_airport_PWM,0.0
categorical__origin_airport_ADQ,0.0
categorical__destination_airport_SIT,0.0
categorical__destination_airport_SHV,0.0
categorical__destination_airport_SHR,0.0
categorical__destination_airport_SGU,0.0
categorical__destination_airport_SGF,0.0
categorical__origin_airport_ACY,0.0
categorical__destination_airport_SDF,0.0
categorical__destination_airport_SCK,0.0
categorical__destination_airport_SCE,0.0
categorical__destination_airport_SCC,0.0
categorical__destination_airport_SBP,0.0
categorical__destination_airport_SBN,0.0
categorical__destination_airport_SBA,0.0
categorical__destination_airport_SAV,0.0
categorical__destination_airport_SAT,0.0
categorical__destination_airport_SYR,0.0
categorical__destination_airport_SWO,0.0
categorical__destination_airport_SWF,0.0
categorical__destination_airport_SUX,0.0
categorical__destination_airport_SUN,0.0
categorical__destination_airport_STX,0.0
categorical__origin_airport_ACV,0.0
categorical__origin_airport_ACT,0.0
categorical__destination_airport_PBG,0.0
categorical__destination_airport_SPS,0.0
categorical__destination_airport_SPN,0.0
categorical__destination_airport_SPI,0.0
categorical__destination_airport_SMF,0.0
categorical__destination_airport_SLN,0.0
categorical__origin_airport_ACK,0.0
categorical__destination_airport_SJT,0.0
categorical__origin_airport_BUF,0.0
categorical__origin_airport_GTF,0.0
categorical__origin_airport_BTR,0.0
categorical__origin_airport_LAN,0.0
categorical__origin_airport_BRW,0.0
categorical__origin_airport_BRO,0.0
categorical__origin_airport_BRD,0.0
categorical__origin_airport_BQN,0.0
categorical__origin_airport_BQK,0.0
categorical__origin_airport_BPT,0.0
categorical__origin_airport_BOI,0.0
categorical__origin_airport_BMI,0.0
categorical__origin_airport_BLV,0.0
categorical__destination_airport_TRI,0.0
categorical__destination_airport_TOL,0.0
categorical__destination_airport_TLH,0.0
categorical__destination_airport_XWA,0.0
categorical__destination_airport_XNA,0.0
categorical__destination_airport_WRG,0.0
categorical__destination_airport_VLD,0.0
categorical__destination_airport_VEL,0.0
categorical__destination_airport_VCT,0.0
categorical__destination_airport_USA,0.0
categorical__origin_airport_KTN,0.0
categorical__destination_airport_TYR,0.0
categorical__destination_airport_TXK,0.0
categorical__destination_airport_TWF,0.0
categorical__destination_airport_TVC,0.0
categorical__destination_airport_TUS,0.0
categorical__destination_airport_TUL,0.0
categorical__destination_airport_TTN,0.0
categorical__origin_airport_BUR,0.0
categorical__origin_airport_GSP,0.0
categorical__origin_airport_IAG,0.0
categorical__origin_airport_IAD,0.0
categorical__origin_airport_HYS,0.0
categorical__origin_airport_HTS,0.0
categorical__origin_airport_HSV,0.0
categorical__origin_airport_HRL,0.0
categorical__origin_airport_HPN,0.0
categorical__origin_airport_JST,0.0
categorical__origin_airport_HLN,0.0
categorical__origin_airport_HIB,0.0
categorical__origin_airport_HHH,0.0
categorical__origin_airport_HDN,0.0
categorical__origin_airport_GUM,0.0
categorical__origin_airport_GUC,0.0
categorical__origin_airport_ICT,0.0
categorical__origin_airport_JNU,0.0
categorical__destination_airport_YUM,0.0
categorical__destination_airport_YAK,0.0
categorical__origin_airport_BJI,0.0
categorical__origin_airport_BIS,0.0
categorical__origin_airport_BIL,0.0
categorical__origin_airport_BHM,0.0
categorical__origin_airport_BGR,0.0
categorical__origin_airport_BGM,0.0
categorical__origin_airport_BFL,0.0
categorical__origin_airport_BFF,0.0
categorical__origin_airport_BET,0.0
categorical__origin_airport_BDL,0.0
categorical__origin_airport_AZO,0.0
categorical__origin_airport_AVP,0.0
categorical__destination_airport_infrequent_sklearn,0.0
